ID,Name,First Name,Last Name,TM,LG,B,B_1,POW,POW P,HistID
20696,Aaron Judge,Aaron,Judge,New York,Major League Baseball,Right,R,80,80,judgeaa01
19978,Aaron Schunk,Aaron,Schunk,Colorado,Major League Baseball,Right,R,40,40,schunaa01
18409,Abraham Toro,Abraham,Toro,Boston,Major League Baseball,Switch,S,40,40,toroab01
20753,Adael Amador,Adael,Amador,Colorado,Major League Baseball,Switch,S,30,35,amadoad01
20892,Adam Frazier,Adam,Frazier,Pittsburgh,Major League Baseball,Left,L,35,35,fraziad01
20431,Addison Barger,Addison,Barger,Toronto,Major League Baseball,Left,L,60,60,bargead01
19465,Adley Rutschman,Adley,Rutschman,Baltimore,Major League Baseball,Switch,S,45,50,rutscad01
19563,Adolis García,Adolis,García,Texas,Major League Baseball,Right,R,55,55,garciad02
20298,Adrian Del Castillo,Adrian,Del Castillo,Arizona,Major League Baseball,Left,L,55,55,delcaad01
20074,Agustin Ramirez,Agustin,Ramirez,Miami,Major League Baseball,Right,R,55,55,ramirag01
20879,Akil Baddoo,Akil,Baddoo,Detroit,Major League Baseball,Left,L,40,45,baddoak01
20775,Alan Roden,Alan,Roden,Toronto,Major League Baseball,Left,L,35,40,rodenal01
19944,Alan Trejo,Alan,Trejo,Colorado,Major League Baseball,Right,R,20,40,trejoal01
19535,Alec Bohm,Alec,Bohm,Philadelphia,Major League Baseball,Right,R,40,45,bohmal01
19917,Alec Burleson,Alec,Burleson,St. Louis,Major League Baseball,Left,L,55,55,burleal01
19958,Alejandro Kirk,Alejandro,Kirk,Toronto,Major League Baseball,Right,R,45,50,kirkal01
20890,Alejandro Osuna,Alejandro,Osuna,Texas,Major League Baseball,Left,L,35,40,osunaal02
19320,Alek Thomas,Alek,Thomas,Arizona,Major League Baseball,Left,L,40,40,thomaal01
20659,Alex Bregman,Alex,Bregman,Boston,Major League Baseball,Right,R,55,55,bregmal01
19509,Alex Call,Alex,Call,Washington,Major League Baseball,Right,R,40,40,callal02
20186,Alex Freeland,Alex,Freeland,Los Angeles,Major League Baseball,Switch,S,45,45,freelal01
20837,Alex Jackson,Alex,Jackson,Baltimore,Major League Baseball,Right,R,55,55,jacksal02
19340,Alex Verdugo,Alex,Verdugo,Atlanta,Major League Baseball,Left,L,35,40,verdual01
19932,Alexander Canario,Alexander,Canario,Pittsburgh,Major League Baseball,Right,R,45,50,canaral01
20494,Ali Sanchez,Ali,Sanchez,Toronto,Major League Baseball,Right,R,30,35,sanchal04
19528,Amed Rosario,Amed,Rosario,Washington,Major League Baseball,Right,R,40,40,rosaram01
20208,Andres Chaparro,Andres,Chaparro,Washington,Major League Baseball,Right,R,40,45,chapaan01
20337,Andres Gimenez,Andres,Gimenez,Toronto,Major League Baseball,Left,L,40,50,gimenan01
19376,Andrew Benintendi,Andrew,Benintendi,Chicago,Major League Baseball,Left,L,55,55,beninan01
21009,Andrew Knizner,Andrew,Knizner,San Francisco,Major League Baseball,Right,R,35,35,kniznan01
20929,Andrew McCutchen,Andrew,McCutchen,Pittsburgh,Major League Baseball,Right,R,50,50,mccutan01
19920,Andrew Vaughn,Andrew,Vaughn,Chicago,Major League Baseball,Right,R,50,50,vaughan01
19420,Andruw Monasterio,Andruw,Monasterio,Milwaukee,Major League Baseball,Right,R,40,40,monasan01
20358,Andy Ibanez,Andy,Ibanez,Detroit,Major League Baseball,Right,R,40,40,ibanean01
20770,Andy Pages,Andy,Pages,Los Angeles,Major League Baseball,Right,R,55,55,pagesan01
20196,Angel Martinez,Angel,Martinez,Cleveland,Major League Baseball,Switch,S,40,40,martian02
20681,Anthony Santander,Anthony,Santander,Toronto,Major League Baseball,Switch,S,65,65,santaan02
20863,Anthony Seigler,Anthony,Seigler,Milwaukee,Major League Baseball,Left,L,30,40,seiglan01
20356,Anthony Volpe,Anthony,Volpe,New York,Major League Baseball,Right,R,45,45,volpean01
18470,Aramis Garcia,Aramis,Garcia,Arizona,Major League Baseball,Right,R,40,40,garciar01
20920,Austin Barnes,Austin,Barnes,Los Angeles,Major League Baseball,Right,R,25,25,barneau01
19423,Austin Hays,Austin,Hays,Cincinnati,Major League Baseball,Right,R,50,50,haysau01
19432,Austin Hedges,Austin,Hedges,Cleveland,Major League Baseball,Right,R,45,45,hedgeau01
20381,Austin Martin,Austin,Martin,Minnesota,Major League Baseball,Right,R,25,25,martiau01
18479,Austin Nola,Austin,Nola,Colorado,Major League Baseball,Right,R,40,40,nolaau01
19328,Austin Riley,Austin,Riley,Atlanta,Major League Baseball,Right,R,55,65,rileyau01
21038,Austin Slater,Austin,Slater,Chicago,Major League Baseball,Right,R,45,45,slateau01
20283,Austin Wells,Austin,Wells,New York,Major League Baseball,Left,L,60,60,wellsau01
19687,Austin Wynns,Austin,Wynns,Cincinnati,Major League Baseball,Right,R,65,65,wynnsau01
20955,Ben Rice,Ben,Rice,New York,Major League Baseball,Left,L,65,65,ricebe01
20933,Ben Rortvedt,Ben,Rortvedt,Tampa Bay,Major League Baseball,Left,L,30,35,rortvbe01
20445,Ben Williamson,Ben,Williamson,Seattle,Major League Baseball,Right,R,25,25,willibe03
20024,Billy Cook,Billy,Cook,Pittsburgh,Major League Baseball,Right,R,50,50,cookbi01
18506,Billy McKinney,Billy,McKinney,Texas,Major League Baseball,Left,L,40,40,mckinbi01
21046,Blaine Crim,Blaine,Crim,Texas,Major League Baseball,Right,R,65,65,crimbl01
20640,Blake Dunn,Blake,Dunn,Cincinnati,Major League Baseball,Right,R,40,45,dunnbl01
20816,Blake Perkins,Blake,Perkins,Milwaukee,Major League Baseball,Switch,S,35,40,perkibl01
20475,Blake Sabol,Blake,Sabol,Boston,Major League Baseball,Left,L,40,50,sabolbl01
20034,Blaze Alexander,Blaze,Alexander,Arizona,Major League Baseball,Right,R,45,45,alexabl01
20536,Bo Bichette,Bo,Bichette,Toronto,Major League Baseball,Right,R,45,50,bichebo01
19468,Bo Naylor,Bo,Naylor,Cleveland,Major League Baseball,Left,L,50,55,naylobo01
19986,Bob Seymour,Bob,Seymour,Tampa Bay,Major League Baseball,Left,L,40,40,seymobo01
19997,Bobby Dalbec,Bobby,Dalbec,Chicago,Major League Baseball,Right,R,40,60,dalbebo01
19506,Bobby Witt Jr.,Bobby,Witt Jr.,Kansas City,Major League Baseball,Right,R,55,65,wittbo02
20532,Brady House,Brady,House,Washington,Major League Baseball,Right,R,35,35,housebr01
20621,Brandon Lockridge,Brandon,Lockridge,San Diego,Major League Baseball,Right,R,20,35,lockrbr01
20392,Brandon Lowe,Brandon,Lowe,Tampa Bay,Major League Baseball,Left,L,65,65,lowebr01
20188,Brandon Marsh,Brandon,Marsh,Philadelphia,Major League Baseball,Left,L,45,50,marshbr02
20460,Brandon Nimmo,Brandon,Nimmo,New York,Major League Baseball,Left,L,55,55,nimmobr01
20771,Braxton Fulford,Braxton,Fulford,Colorado,Major League Baseball,Right,R,30,40,fulfobr01
20519,Brayan Rocchio,Brayan,Rocchio,Cleveland,Major League Baseball,Switch,S,35,35,rocchbr01
19733,Brendan Donovan,Brendan,Donovan,St. Louis,Major League Baseball,Left,L,40,40,donovbr01
21081,Brendan Rodgers,Brendan,Rodgers,Houston,Major League Baseball,Right,R,40,50,rodgebr02
19649,Brent Rooker,Brent,Rooker,Athletics,Major League Baseball,Right,R,65,65,rookebr01
19577,Brenton Doyle,Brenton,Doyle,Colorado,Major League Baseball,Right,R,50,50,doylebr02
20660,Brett Baty,Brett,Baty,New York,Major League Baseball,Left,L,60,60,batybr01
20117,Brett Harris,Brett,Harris,Athletics,Major League Baseball,Right,R,35,40,harribr02
21020,Brett Sullivan,Brett,Sullivan,Pittsburgh,Major League Baseball,Left,L,45,45,sullibr01
20852,Brett Wisely,Brett,Wisely,San Francisco,Major League Baseball,Left,L,35,35,wiselbr01
19993,Brewer Hicklen,Brewer,Hicklen,Detroit,Major League Baseball,Right,R,40,40,hicklbr01
18538,Brian Navarreto,Brian,Navarreto,Miami,Major League Baseball,Right,R,50,50,navarbr01
20263,Brice Matthews,Brice,Matthews,Houston,Major League Baseball,Right,R,65,65,matthbr01
19593,Brice Turang,Brice,Turang,Milwaukee,Major League Baseball,Left,L,40,40,turanbr02
20871,Brooks Baldwin,Brooks,Baldwin,Chicago,Major League Baseball,Switch,S,50,50,baldwbr01
19667,Brooks Lee,Brooks,Lee,Minnesota,Major League Baseball,Switch,S,45,45,leebr02
19939,Bryan De La Cruz,Bryan,De La Cruz,Atlanta,Major League Baseball,Right,R,50,55,delacbr01
20987,Bryan Ramos,Bryan,Ramos,Chicago,Major League Baseball,Right,R,45,45,ramosbr01
19567,Bryan Reynolds,Bryan,Reynolds,Pittsburgh,Major League Baseball,Switch,S,50,50,reynobr01
20730,Bryce Eldridge,Bryce,Eldridge,San Francisco,Major League Baseball,Left,L,40,40,eldribr01
19570,Bryce Harper,Bryce,Harper,Philadelphia,Major League Baseball,Left,L,60,60,harpebr03
19633,Bryce Johnson,Bryce,Johnson,San Diego,Major League Baseball,Switch,S,30,30,johnsbr03
19620,Bryce Teodosio,Bryce,Teodosio,Los Angeles,Major League Baseball,Right,R,25,35,teodobr01
19664,Bryson Stott,Bryson,Stott,Philadelphia,Major League Baseball,Left,L,40,40,stottbr01
18543,Buddy Kennedy,Buddy,Kennedy,Philadelphia,Major League Baseball,Right,R,40,40,kennebu01
19618,Byron Buxton,Byron,Buxton,Minnesota,Major League Baseball,Right,R,70,70,buxtoby01
20492,C.J. Stubbs,C.J.,Stubbs,Washington,Major League Baseball,Right,R,40,40,stubbcj01
19825,Cal Raleigh,Cal,Raleigh,Seattle,Major League Baseball,Switch,S,80,80,raleica01
20183,Cal Stevenson,Cal,Stevenson,Philadelphia,Major League Baseball,Left,L,35,35,steveca01
21060,Caleb Durbin,Caleb,Durbin,Milwaukee,Major League Baseball,Right,R,40,40,durbica01
20035,Cam Devanney,Cam,Devanney,Pittsburgh,Major League Baseball,Right,R,40,40,devanca01
19512,Cam Smith,Cam,Smith,Houston,Major League Baseball,Right,R,40,40,smithca07
20450,Carlos Correa,Carlos,Correa,Minnesota,Major League Baseball,Right,R,45,45,correca01
20266,Carlos Cortes,Carlos,Cortes,Athletics,Major League Baseball,Left,L,55,55,corteca01
19427,Carlos Narvaez,Carlos,Narvaez,Boston,Major League Baseball,Right,R,55,55,narvaca01
19298,Carlos Santana,Carlos,Santana,Cleveland,Major League Baseball,Switch,S,50,50,santaca01
19304,Carson Kelly,Carson,Kelly,Chicago,Major League Baseball,Right,R,55,55,kellyca02
19857,Carson McCusker,Carson,McCusker,Minnesota,Major League Baseball,Right,R,40,40,mccusca01
20853,Carson Williams,Carson,Williams,Tampa Bay,Major League Baseball,Right,R,55,55,willica02
19594,Carter Jensen,Carter,Jensen,Kansas City,Major League Baseball,Left,L,55,55,jenseca01
20791,Carter Kieboom,Carter,Kieboom,Los Angeles,Major League Baseball,Right,R,40,45,kieboca01
20470,Casey Schmitt,Casey,Schmitt,San Francisco,Major League Baseball,Right,R,55,55,schmica01
19166,Cavan Biggio,Cavan,Biggio,Kansas City,Major League Baseball,Left,L,40,50,biggica01
19437,Ceddanne Rafaela,Ceddanne,Rafaela,Boston,Major League Baseball,Right,R,45,45,rafaece01
19903,Cedric Mullins,Cedric,Mullins,Baltimore,Major League Baseball,Left,L,55,55,mullice01
20155,Cesar Prieto,Cesar,Prieto,St. Louis,Major League Baseball,Left,L,40,40,prietce01
20867,Cesar Salazar,Cesar,Salazar,Houston,Major League Baseball,Left,L,40,40,salazce01
20098,Chad Stevens,Chad,Stevens,Los Angeles,Major League Baseball,Right,R,40,40,stevech02
18390,Chadwick Tromp,Chadwick,Tromp,Atlanta,Major League Baseball,Right,R,45,50,trompch01
20438,Chandler Simpson,Chandler,Simpson,Tampa Bay,Major League Baseball,Left,L,25,25,simpsch01
20061,Chas McCormick,Chas,McCormick,Houston,Major League Baseball,Right,R,35,60,mccorch01
19479,Chase Meidroth,Chase,Meidroth,Chicago,Major League Baseball,Right,R,30,30,meidrch01
20697,Chris Taylor,Chris,Taylor,Los Angeles,Major League Baseball,Right,R,40,40,tayloch03
20229,Christian Encarnacion-Strand,Christian,Encarnacion-Strand,Cincinnati,Major League Baseball,Right,R,55,55,encarch01
19752,Christian Koss,Christian,Koss,San Francisco,Major League Baseball,Right,R,40,40,kossch01
20709,Christian Moore,Christian,Moore,Los Angeles,Major League Baseball,Right,R,55,55,moorech03
20948,Christian Vázquez,Christian,Vázquez,Minnesota,Major League Baseball,Right,R,40,40,vazquch01
19518,Christian Walker,Christian,Walker,Houston,Major League Baseball,Right,R,60,60,walkech02
19605,Christian Yelich,Christian,Yelich,Milwaukee,Major League Baseball,Left,L,60,60,yelicch01
20774,Christopher Morel,Christopher,Morel,Tampa Bay,Major League Baseball,Right,R,55,65,morelch01
20181,Chuckie Robinson,Chuckie,Robinson,Los Angeles,Major League Baseball,Right,R,40,40,robinch04
19739,CJ Abrams,CJ,Abrams,Washington,Major League Baseball,Left,L,50,50,abramcj01
20273,CJ Alexander,CJ,Alexander,Athletics,Major League Baseball,Left,L,35,40,alexacj01
19456,CJ Kayfus,CJ,Kayfus,Cleveland,Major League Baseball,Left,L,50,50,kayfucj01
20244,Coby Mayo,Coby,Mayo,Baltimore,Major League Baseball,Right,R,55,55,mayoco01
18464,Coco Montes,Coco,Montes,Tampa Bay,Major League Baseball,Right,R,40,40,monteco01
20592,Cody Bellinger,Cody,Bellinger,New York,Major League Baseball,Left,L,55,75,bellico01
20404,Cody Freeman,Cody,Freeman,Texas,Major League Baseball,Right,R,45,45,freemco01
20677,Colby Thomas,Colby,Thomas,Athletics,Major League Baseball,Right,R,60,60,thomaco03
20969,Cole Young,Cole,Young,Seattle,Major League Baseball,Left,L,40,40,youngco01
20131,Colson Montgomery,Colson,Montgomery,Chicago,Major League Baseball,Left,L,80,80,montgco01
19574,Colt Keith,Colt,Keith,Detroit,Major League Baseball,Left,L,45,45,keithco01
19426,Colton Cowser,Colton,Cowser,Baltimore,Major League Baseball,Left,L,60,60,cowseco01
20389,Connor Joe,Connor,Joe,San Diego,Major League Baseball,Right,R,40,40,joeco01
18486,Connor Kaiser,Connor,Kaiser,Arizona,Major League Baseball,Right,R,35,40,kaiseco01
20796,Connor Norby,Connor,Norby,Miami,Major League Baseball,Right,R,50,50,norbyco01
19463,Connor Wong,Connor,Wong,Boston,Major League Baseball,Right,R,35,45,wongco01
19860,Cooper Hummel,Cooper,Hummel,Baltimore,Major League Baseball,Switch,S,50,50,hummeco01
20975,Corbin Carroll,Corbin,Carroll,Arizona,Major League Baseball,Left,L,65,65,carroco02
20169,Corey Julks,Corey,Julks,Chicago,Major League Baseball,Right,R,40,40,julksco01
20644,Corey Seager,Corey,Seager,Texas,Major League Baseball,Left,L,65,65,seageco01
20998,Curtis Mead,Curtis,Mead,Tampa Bay,Major League Baseball,Right,R,30,30,meadcu01
20859,Dairon Blanco,Dairon,Blanco,Kansas City,Major League Baseball,Right,R,45,45,blancda02
19642,Dalton Rushing,Dalton,Rushing,Los Angeles,Major League Baseball,Left,L,45,45,rushida01
21040,Dane Myers,Dane,Myers,Miami,Major League Baseball,Right,R,40,40,myersda01
20113,Daniel Johnson,Daniel,Johnson,San Francisco,Major League Baseball,Left,L,40,50,johnsda07
19492,Daniel Schneemann,Daniel,Schneemann,Cleveland,Major League Baseball,Left,L,45,45,schneda04
20672,Danny Jansen,Danny,Jansen,Tampa Bay,Major League Baseball,Right,R,55,65,janseda01
20668,Dansby Swanson,Dansby,Swanson,Chicago,Major League Baseball,Right,R,55,55,swansda01
20130,Darell Hernaiz,Darell,Hernaiz,Athletics,Major League Baseball,Right,R,30,30,hernada04
19999,DaShawn Keirsey Jr.,DaShawn,Keirsey Jr.,Minnesota,Major League Baseball,Left,L,45,45,keirsda01
19717,Daulton Varsho,Daulton,Varsho,Toronto,Major League Baseball,Left,L,70,70,varshda01
18398,David Banuelos,David,Banuelos,Baltimore,Major League Baseball,Right,R,40,40,banueda01
18511,David Fry,David,Fry,Cleveland,Major League Baseball,Right,R,60,60,fryda01
20634,David Hamilton,David,Hamilton,Boston,Major League Baseball,Left,L,45,45,hamilda03
18521,David Villar,David,Villar,San Francisco,Major League Baseball,Right,R,40,60,villada01
20436,Davis Schneider,Davis,Schneider,Toronto,Major League Baseball,Right,R,60,60,schneda03
19751,Daylen Lile,Daylen,Lile,Washington,Major League Baseball,Left,L,45,45,lileda01
20685,Daz Cameron,Daz,Cameron,Milwaukee,Major League Baseball,Right,R,45,45,camerda01
20066,Denzel Clarke,Denzel,Clarke,Athletics,Major League Baseball,Right,R,40,40,clarkde02
20701,Denzer Guzman,Denzer,Guzman,Los Angeles,Major League Baseball,Right,R,55,55,guzmade01
19445,Derek Hill,Derek,Hill,Miami,Major League Baseball,Right,R,45,45,hillde01
19514,Dillon Dingler,Dillon,Dingler,Detroit,Major League Baseball,Right,R,45,45,dingldi01
18527,DJ LeMahieu,DJ,LeMahieu,New York,Major League Baseball,Right,R,35,35,lemahdj01
20246,Dom Nuñez,Dom,Nuñez,Cleveland,Major League Baseball,Left,L,40,40,nunezdo01
19647,Dominic Canzone,Dominic,Canzone,Seattle,Major League Baseball,Left,L,60,60,canzodo01
20031,Dominic Fletcher,Dominic,Fletcher,Chicago,Major League Baseball,Left,L,30,30,fletcdo01
20875,Dominic Smith,Dominic,Smith,San Francisco,Major League Baseball,Left,L,40,40,smithdo02
19035,Donovan Solano,Donovan,Solano,Seattle,Major League Baseball,Right,R,40,40,solando01
18544,Donovan Walton,Donovan,Walton,Philadelphia,Major League Baseball,Left,L,40,40,waltodo01
19352,Drake Baldwin,Drake,Baldwin,Atlanta,Major League Baseball,Left,L,60,60,baldwdr01
20106,Drew Avans,Drew,Avans,Athletics,Major League Baseball,Left,L,35,40,avansdr01
20809,Drew Gilbert,Drew,Gilbert,San Francisco,Major League Baseball,Left,L,45,45,gilbedr01
20202,Drew Millas,Drew,Millas,Washington,Major League Baseball,Switch,S,35,40,milladr01
20143,Drew Romo,Drew,Romo,Colorado,Major League Baseball,Switch,S,40,40,romodr01
20844,Drew Waters,Drew,Waters,Kansas City,Major League Baseball,Switch,S,25,40,waterdr01
20175,Dustin Harris,Dustin,Harris,Texas,Major League Baseball,Left,L,50,50,harridu01
19241,Dylan Beavers,Dylan,Beavers,Baltimore,Major League Baseball,Left,L,50,50,beavedy01
20864,Dylan Carlson,Dylan,Carlson,Baltimore,Major League Baseball,Switch,S,40,45,carlsdy01
20641,Dylan Crews,Dylan,Crews,Washington,Major League Baseball,Right,R,50,50,crewsdy01
20882,Dylan Moore,Dylan,Moore,Seattle,Major League Baseball,Right,R,55,55,mooredy01
18567,Eddie Rosario,Eddie,Rosario,Los Angeles,Major League Baseball,Left,L,50,50,rosared01
19502,Edgar Quero,Edgar,Quero,Chicago,Major League Baseball,Switch,S,35,35,queroed01
19650,Edmundo Sosa,Edmundo,Sosa,Philadelphia,Major League Baseball,Right,R,55,55,sosaed01
19966,Edouard Julien,Edouard,Julien,Minnesota,Major League Baseball,Left,L,40,50,julieed01
19375,Eli White,Eli,White,Atlanta,Major League Baseball,Right,R,55,55,whiteel04
20289,Elias Díaz,Elias,Díaz,San Diego,Major League Baseball,Right,R,45,45,diazel01
18580,Elly De La Cruz,Elly,De La Cruz,Cincinnati,Major League Baseball,Switch,S,50,55,delacel01
18595,Emmanuel Rivera,Emmanuel,Rivera,Baltimore,Major League Baseball,Right,R,30,40,riverem01
20537,Endy Rodriguez,Endy,Rodriguez,Pittsburgh,Major League Baseball,Switch,S,35,35,rodrien01
20594,Enmanuel Valdez,Enmanuel,Valdez,Pittsburgh,Major League Baseball,Left,L,45,50,valdeen01
19537,Enrique Hernández,Enrique,Hernández,Los Angeles,Major League Baseball,Right,R,50,50,hernaen02
21061,Eric Haase,Eric,Haase,Milwaukee,Major League Baseball,Right,R,55,55,haaseer01
20893,Eric Wagaman,Eric,Wagaman,Miami,Major League Baseball,Right,R,40,40,wagamer01
19892,Ernie Clement,Ernie,Clement,Toronto,Major League Baseball,Right,R,40,40,clemeer01
20745,Esteury Ruiz,Esteury,Ruiz,Los Angeles,Major League Baseball,Right,R,50,50,ruizes01
20370,Eugenio Suárez,Eugenio,Suárez,Arizona,Major League Baseball,Right,R,75,75,suareeu01
20390,Evan Carter,Evan,Carter,Texas,Major League Baseball,Left,L,45,55,carteev01
20063,Everson Pereira,Everson,Pereira,Tampa Bay,Major League Baseball,Right,R,45,45,pereiev01
19674,Ezequiel Duran,Ezequiel,Duran,Texas,Major League Baseball,Right,R,20,40,duranez01
20384,Ezequiel Tovar,Ezequiel,Tovar,Colorado,Major League Baseball,Right,R,50,55,tovarez01
19696,Fernando Tatis Jr.,Fernando,Tatis Jr.,San Diego,Major League Baseball,Right,R,55,70,tatisfe02
20097,Francisco Alvarez,Francisco,Alvarez,New York,Major League Baseball,Right,R,55,60,alvarfr01
20547,Francisco Lindor,Francisco,Lindor,New York,Major League Baseball,Switch,S,60,60,lindofr01
20550,Freddie Freeman,Freddie,Freeman,Los Angeles,Major League Baseball,Left,L,55,55,freemfr01
19628,Freddy Fermin,Freddy,Fermin,Kansas City,Major League Baseball,Right,R,35,40,fermifr01
20311,Gabriel Arias,Gabriel,Arias,Cleveland,Major League Baseball,Right,R,40,45,ariasga01
19286,Gabriel Moreno,Gabriel,Moreno,Arizona,Major League Baseball,Right,R,45,45,morenga01
18607,Gage Workman,Gage,Workman,Chicago,Major League Baseball,Left,L,35,40,workmga01
18394,Garrett Hampson,Garrett,Hampson,Arizona,Major League Baseball,Right,R,25,25,hampsga01
19562,Garrett Mitchell,Garrett,Mitchell,Milwaukee,Major League Baseball,Left,L,40,50,mitchga01
20880,Garrett Stubbs,Garrett,Stubbs,Philadelphia,Major League Baseball,Left,L,35,35,stubbga01
19578,Gary Sanchez,Gary,Sanchez,Baltimore,Major League Baseball,Right,R,60,60,sanchga02
20824,Gavin Lux,Gavin,Lux,Cincinnati,Major League Baseball,Left,L,35,35,luxga01
19688,Gavin Sheets,Gavin,Sheets,San Diego,Major League Baseball,Left,L,45,50,sheetga01
19693,George Springer,George,Springer,Toronto,Major League Baseball,Right,R,65,65,springe01
20643,George Valera,George,Valera,Cleveland,Major League Baseball,Left,L,55,55,valerge01
20638,Geraldo Perdomo,Geraldo,Perdomo,Arizona,Major League Baseball,Switch,S,45,45,perdoge01
19555,Giancarlo Stanton,Giancarlo,Stanton,New York,Major League Baseball,Right,R,80,80,stantmi03
20579,Gio Urshela,Gio,Urshela,Athletics,Major League Baseball,Right,R,30,30,urshegi01
20387,Gleyber Torres,Gleyber,Torres,Detroit,Major League Baseball,Right,R,45,65,torregl01
20100,Graham Pauley,Graham,Pauley,Miami,Major League Baseball,Left,L,45,45,paulegr01
20766,Grant McCray,Grant,McCray,San Francisco,Major League Baseball,Left,L,45,50,mccragr01
19879,Greg Allen,Greg,Allen,Baltimore,Major League Baseball,Switch,S,35,35,allengr01
20017,Greg Jones,Greg,Jones,Chicago,Major League Baseball,Switch,S,45,50,jonesgr02
19689,Griffin Conine,Griffin,Conine,Miami,Major League Baseball,Left,L,45,50,coningr01
19442,Gunnar Henderson,Gunnar,Henderson,Baltimore,Major League Baseball,Left,L,55,70,hendegu01
20458,Gustavo Campero,Gustavo,Campero,Los Angeles,Major League Baseball,Switch,S,55,55,campegu01
19447,Ha-seong Kim,Ha-seong,Kim,Tampa Bay,Major League Baseball,Right,R,45,45,kimha01
19703,Harrison Bader,Harrison,Bader,Minnesota,Major League Baseball,Right,R,50,50,baderha01
20607,Harry Ford,Harry,Ford,Seattle,Major League Baseball,Right,R,40,40,fordha01
20731,Hayden Senger,Hayden,Senger,New York,Major League Baseball,Right,R,30,40,sengeha01
19610,Heliot Ramos,Heliot,Ramos,San Francisco,Major League Baseball,Right,R,55,55,ramoshe02
19996,Henry Davis,Henry,Davis,Pittsburgh,Major League Baseball,Right,R,40,45,davishe01
20026,Heriberto Hernandez,Heriberto,Hernandez,Miami,Major League Baseball,Right,R,55,55,hernahe01
20849,Heston Kjerstad,Heston,Kjerstad,Baltimore,Major League Baseball,Left,L,45,50,kjershe01
20440,Hunter Feduccia,Hunter,Feduccia,Los Angeles,Major League Baseball,Left,L,30,35,feduchu01
19404,Hunter Goodman,Hunter,Goodman,Colorado,Major League Baseball,Right,R,65,65,goodmhu01
18412,Hunter Renfroe,Hunter,Renfroe,Kansas City,Major League Baseball,Right,R,45,45,renfrhu01
20673,Hyeseong Kim,Hyeseong,Kim,Los Angeles,Major League Baseball,Left,L,40,40,kimhy02
19497,Ian Happ,Ian,Happ,Chicago,Major League Baseball,Switch,S,55,55,happia01
20982,Ildemaro Vargas,Ildemaro,Vargas,Arizona,Major League Baseball,Switch,S,35,35,vargail01
19540,Isaac Collins,Isaac,Collins,Milwaukee,Major League Baseball,Switch,S,40,40,colliis01
19503,Isaac Paredes,Isaac,Paredes,Houston,Major League Baseball,Right,R,55,65,paredis01
19403,Isiah Kiner-Falefa,Isiah,Kiner-Falefa,Pittsburgh,Major League Baseball,Right,R,30,30,kineris01
19612,Ivan Herrera,Ivan,Herrera,St. Louis,Major League Baseball,Right,R,60,60,herreiv01
20469,J.C. Escarra,J.C.,Escarra,New York,Major League Baseball,Left,L,45,45,escarjc01
19248,J.D. Davis,J.D.,Davis,Los Angeles,Major League Baseball,Right,R,45,45,davisjd01
20979,J.P. Crawford,J.P.,Crawford,Seattle,Major League Baseball,Left,L,40,40,crawfjp01
19632,J.T. Realmuto,J.T.,Realmuto,Philadelphia,Major League Baseball,Right,R,45,45,realmjt01
19367,Jac Caglianone,Jac,Caglianone,Kansas City,Major League Baseball,Left,L,55,55,caglija01
21082,Jace Jung,Jace,Jung,Detroit,Major League Baseball,Left,L,30,30,jungja01
20206,Jack Suwinski,Jack,Suwinski,Pittsburgh,Major League Baseball,Left,L,45,65,suwinja01
20280,Jack Winkler,Jack,Winkler,Miami,Major League Baseball,Right,R,35,40,winklja01
20862,Jackson Chourio,Jackson,Chourio,Milwaukee,Major League Baseball,Right,R,55,55,chourja01
20247,Jackson Holliday,Jackson,Holliday,Baltimore,Major League Baseball,Left,L,45,45,hollija01
19652,Jackson Merrill,Jackson,Merrill,San Diego,Major League Baseball,Left,L,55,55,merrija01
18435,Jacob Amaya,Jacob,Amaya,Chicago,Major League Baseball,Right,R,20,30,amayaja01
20036,Jacob Hurtubise,Jacob,Hurtubise,Cincinnati,Major League Baseball,Left,L,40,40,hurtuja01
20534,Jacob Melton,Jacob,Melton,Houston,Major League Baseball,Left,L,30,40,meltoja01
19149,Jacob Stallings,Jacob,Stallings,Colorado,Major League Baseball,Right,R,40,40,stallja01
19684,Jacob Wilson,Jacob,Wilson,Athletics,Major League Baseball,Right,R,40,40,wilsoja05
19788,Jacob Young,Jacob,Young,Washington,Major League Baseball,Right,R,25,25,youngja03
20725,Jahmai Jones,Jahmai,Jones,Detroit,Major League Baseball,Right,R,60,60,jonesja08
19531,Jake Bauers,Jake,Bauers,Milwaukee,Major League Baseball,Left,L,50,50,bauerja01
19655,Jake Burger,Jake,Burger,Texas,Major League Baseball,Right,R,60,70,burgeja01
19614,Jake Cronenworth,Jake,Cronenworth,San Diego,Major League Baseball,Left,L,45,45,croneja01
19814,Jake Fraley,Jake,Fraley,Cincinnati,Major League Baseball,Left,L,40,55,fraleja01
19847,Jake Mangum,Jake,Mangum,Tampa Bay,Major League Baseball,Switch,S,25,25,manguja01
19973,Jake McCarthy,Jake,McCarthy,Arizona,Major League Baseball,Left,L,40,40,mccarja02
19482,Jake Meyers,Jake,Meyers,Houston,Major League Baseball,Right,R,35,40,meyerja02
19607,Jake Rogers,Jake,Rogers,Detroit,Major League Baseball,Right,R,45,55,rogerja03
19744,Jakob Marsee,Jakob,Marsee,Miami,Major League Baseball,Left,L,40,40,marseja01
19275,James McCann,James,McCann,Arizona,Major League Baseball,Right,R,55,55,mccanja02
20014,James Outman,James,Outman,Los Angeles,Major League Baseball,Left,L,55,55,outmaja01
19784,James Wood,James,Wood,Washington,Major League Baseball,Left,L,60,60,woodja03
19983,Jared Triolo,Jared,Triolo,Pittsburgh,Major League Baseball,Right,R,40,40,triolja01
20135,Jared Young,Jared,Young,New York,Major League Baseball,Left,L,50,55,youngja02
20167,Jarred Kelenic,Jarred,Kelenic,Atlanta,Major League Baseball,Left,L,50,50,kelenja01
19378,Jarren Duran,Jarren,Duran,Boston,Major League Baseball,Left,L,45,45,duranja01
19285,Jason Heyward,Jason,Heyward,San Diego,Major League Baseball,Left,L,50,50,heywaja01
20586,Jasson Dominguez,Jasson,Dominguez,New York,Major League Baseball,Switch,S,45,50,dominja01
20767,Javier Baez,Javier,Baez,Detroit,Major League Baseball,Right,R,45,45,baezja01
20396,Javier Sanoja,Javier,Sanoja,Miami,Major League Baseball,Right,R,40,40,sanojja01
20369,Jazz Chisholm Jr.,Jazz,Chisholm Jr.,New York,Major League Baseball,Left,L,65,65,chishja01
20375,Jeff McNeil,Jeff,McNeil,New York,Major League Baseball,Left,L,50,50,mcneije01
20883,Jeimer Candelario,Jeimer,Candelario,Cincinnati,Major League Baseball,Switch,S,55,55,candeje01
19728,Jerar Encarnacion,Jerar,Encarnacion,San Francisco,Major League Baseball,Right,R,55,55,encarje01
19448,Jeremiah Jackson,Jeremiah,Jackson,Baltimore,Major League Baseball,Right,R,45,45,jacksje02
20915,Jeremy Pena,Jeremy,Pena,Houston,Major League Baseball,Right,R,45,45,penaje02
18483,Jesse Winker,Jesse,Winker,New York,Major League Baseball,Left,L,45,45,winkeje01
19686,Jesus Sanchez,Jesus,Sanchez,Miami,Major League Baseball,Left,L,50,55,sanchje02
20306,Jhonkensy Noel,Jhonkensy,Noel,Cleveland,Major League Baseball,Right,R,65,65,noeljh01
20760,Jhonny Pereda,Jhonny,Pereda,Athletics,Major League Baseball,Right,R,30,35,peredjh01
20724,Jhostynxon Garcia,Jhostynxon,Garcia,Boston,Major League Baseball,Right,R,40,40,garcijh01
20129,Ji-hwan Bae,Ji-hwan,Bae,Pittsburgh,Major League Baseball,Left,L,35,35,baeji01
19729,Jimmy Crooks,Jimmy,Crooks,St. Louis,Major League Baseball,Left,L,45,45,crookji01
20833,JJ Bleday,JJ,Bleday,Athletics,Major League Baseball,Left,L,55,55,bledajj01
20408,Jo Adell,Jo,Adell,Los Angeles,Major League Baseball,Right,R,70,70,adelljo01
19782,Joc Pederson,Joc,Pederson,Texas,Major League Baseball,Left,L,60,60,pederjo01
19702,Joey Bart,Joey,Bart,Pittsburgh,Major League Baseball,Right,R,45,45,bartjo01
20259,Joey Loperfido,Joey,Loperfido,Toronto,Major League Baseball,Left,L,45,45,loperjo01
20874,Joey Ortiz,Joey,Ortiz,Milwaukee,Major League Baseball,Right,R,40,40,ortizjo06
19963,Joey Wiemer,Joey,Wiemer,Miami,Major League Baseball,Right,R,55,55,wiemejo01
21025,Johan Rojas,Johan,Rojas,Philadelphia,Major League Baseball,Right,R,25,30,rojasjo03
20529,John Rave,John,Rave,Kansas City,Major League Baseball,Left,L,45,45,ravejo01
20991,Johnathan Rodriguez,Johnathan,Rodriguez,Cleveland,Major League Baseball,Right,R,45,45,rodrijo10
18494,Jon Berti,Jon,Berti,Chicago,Major League Baseball,Right,R,25,25,bertijo01
19159,Jon Singleton,Jon,Singleton,Houston,Major League Baseball,Left,L,50,50,singljo02
18501,Jonah Bride,Jonah,Bride,Miami,Major League Baseball,Right,R,40,40,bridejo01
19385,Jonah Heim,Jonah,Heim,Texas,Major League Baseball,Switch,S,45,55,heimjo01
20706,Jonatan Clase,Jonatan,Clase,Toronto,Major League Baseball,Switch,S,40,40,clasejo01
20997,Jonathan Aranda,Jonathan,Aranda,Tampa Bay,Major League Baseball,Left,L,55,55,arandjo01
19569,Jonathan India,Jonathan,India,Kansas City,Major League Baseball,Right,R,40,50,indiajo01
20509,Jonathan Ornelas,Jonathan,Ornelas,Texas,Major League Baseball,Right,R,40,40,orneljo01
19783,Jonny DeLuca,Jonny,DeLuca,Tampa Bay,Major League Baseball,Right,R,35,40,delucjo01
20768,Jorbit Vivas,Jorbit,Vivas,New York,Major League Baseball,Left,L,40,45,vivasjo01
19539,Jordan Beck,Jordan,Beck,Colorado,Major League Baseball,Right,R,45,45,beckjo01
20349,Jordan Lawlar,Jordan,Lawlar,Arizona,Major League Baseball,Right,R,30,35,lawlajo01
19710,Jordan Walker,Jordan,Walker,St. Louis,Major League Baseball,Right,R,40,45,walkejo02
19312,Jordan Westburg,Jordan,Westburg,Baltimore,Major League Baseball,Right,R,60,60,westbjo01
20045,Jordyn Adams,Jordyn,Adams,Baltimore,Major League Baseball,Right,R,40,40,adamsjo03
19849,Jorge Alfaro,Jorge,Alfaro,Washington,Major League Baseball,Right,R,40,40,alfarjo01
19981,Jorge Barrosa,Jorge,Barrosa,Arizona,Major League Baseball,Switch,S,40,40,barrojo01
19280,Jorge Mateo,Jorge,Mateo,Baltimore,Major League Baseball,Right,R,40,45,mateojo01
20670,Jorge Polanco,Jorge,Polanco,Seattle,Major League Baseball,Switch,S,60,60,polanjo01
20250,Jorge Soler,Jorge,Soler,Los Angeles,Major League Baseball,Right,R,55,55,solerjo01
20435,Jose Altuve,Jose,Altuve,Houston,Major League Baseball,Right,R,55,55,altuvjo01
18516,Jose Azocar,Jose,Azocar,New York,Major League Baseball,Right,R,35,35,azocajo01
19792,Jose Barrero,Jose,Barrero,St. Louis,Major League Baseball,Right,R,45,45,garcijo02
19770,Jose Caballero,Jose,Caballero,Tampa Bay,Major League Baseball,Right,R,40,40,cabaljo01
19968,Jose Fermin,Jose,Fermin,St. Louis,Major League Baseball,Right,R,35,35,fermijo01
18522,Jose Herrera,Jose,Herrera,Arizona,Major League Baseball,Switch,S,30,30,herrejo04
18526,Jose Iglesias,Jose,Iglesias,San Diego,Major League Baseball,Right,R,30,30,iglesjo01
19472,Jose Ramirez,Jose,Ramirez,Cleveland,Major League Baseball,Switch,S,65,65,ramirjo01
19213,Jose Siri,Jose,Siri,New York,Major League Baseball,Right,R,55,60,sirijo01
20030,Jose Tena,Jose,Tena,Washington,Major League Baseball,Left,L,25,30,tenajo01
19370,Jose Trevino,Jose,Trevino,Cincinnati,Major League Baseball,Right,R,40,40,trevijo01
20533,Josh Bell,Josh,Bell,Washington,Major League Baseball,Switch,S,55,55,belljo02
19705,Josh Jung,Josh,Jung,Texas,Major League Baseball,Right,R,45,55,jungjo01
19571,Josh Lowe,Josh,Lowe,Tampa Bay,Major League Baseball,Left,L,45,50,lowejo01
20635,Josh Naylor,Josh,Naylor,Arizona,Major League Baseball,Left,L,60,60,naylojo01
18545,Josh Palacios,Josh,Palacios,Chicago,Major League Baseball,Left,L,40,45,palacjo01
18537,Josh Rojas,Josh,Rojas,Chicago,Major League Baseball,Left,L,35,35,rojasjo01
19826,Josh Smith,Josh,Smith,Texas,Major League Baseball,Left,L,40,40,smithjo11
19955,José Miranda,José,Miranda,Minnesota,Major League Baseball,Right,R,40,45,miranjo01
19636,Juan Soto,Juan,Soto,New York,Major League Baseball,Left,L,80,80,sotoju01
19897,Julio Rodriguez,Julio,Rodriguez,Seattle,Major League Baseball,Right,R,60,60,rodriju01
19585,Jung-hoo Lee,Jung-hoo,Lee,San Francisco,Major League Baseball,Left,L,35,35,leeju01
20992,Junior Caminero,Junior,Caminero,Tampa Bay,Major League Baseball,Right,R,75,75,caminju01
19310,Jurickson Profar,Jurickson,Profar,Atlanta,Major League Baseball,Switch,S,60,60,profaju01
20463,Justin Dean,Justin,Dean,Los Angeles,Major League Baseball,Right,R,40,40,deanju01
20684,Justin Foscue,Justin,Foscue,Texas,Major League Baseball,Right,R,40,40,foscuju01
18553,Justin Turner,Justin,Turner,Chicago,Major League Baseball,Right,R,40,40,turneju01
20578,Justyn-Henry Malloy,Justyn-Henry,Malloy,Detroit,Major League Baseball,Right,R,40,45,malloju02
20518,Kameron Misner,Kameron,Misner,Tampa Bay,Major League Baseball,Left,L,40,40,misneka01
20487,Ke'Bryan Hayes,Ke'Bryan,Hayes,Pittsburgh,Major League Baseball,Right,R,30,40,hayeske01
19730,Keibert Ruiz,Keibert,Ruiz,Washington,Major League Baseball,Switch,S,40,45,ruizke01
20553,Kenedy Corona,Kenedy,Corona,Houston,Major League Baseball,Right,R,40,40,coronke01
19508,Kerry Carpenter,Kerry,Carpenter,Detroit,Major League Baseball,Left,L,70,70,carpeke01
20253,Keston Hiura,Keston,Hiura,Colorado,Major League Baseball,Right,R,40,60,hiurake01
20627,Ketel Marte,Ketel,Marte,Arizona,Major League Baseball,Switch,S,70,70,marteke01
20861,Kevin Alcantara,Kevin,Alcantara,Chicago,Major League Baseball,Right,R,35,40,alcanke01
18578,Kevin Newman,Kevin,Newman,Los Angeles,Major League Baseball,Right,R,35,35,newmake01
18936,Kevin Pillar,Kevin,Pillar,Texas,Major League Baseball,Right,R,40,40,pillake01
20002,Kody Clemens,Kody,Clemens,Philadelphia,Major League Baseball,Left,L,60,60,clemeko01
21005,Korey Lee,Korey,Lee,Chicago,Major League Baseball,Right,R,50,50,leeko01
19016,Kris Bryant,Kris,Bryant,Colorado,Major League Baseball,Right,R,30,30,bryankr01
20650,Kristian Campbell,Kristian,Campbell,Boston,Major League Baseball,Right,R,45,45,campbkr01
20857,Kyle Farmer,Kyle,Farmer,Colorado,Major League Baseball,Right,R,45,45,farmeky01
19700,Kyle Higashioka,Kyle,Higashioka,Texas,Major League Baseball,Right,R,60,60,higasky01
19580,Kyle Isbel,Kyle,Isbel,Kansas City,Major League Baseball,Left,L,35,35,isbelky01
19421,Kyle Karros,Kyle,Karros,Colorado,Major League Baseball,Right,R,30,35,karroky01
20335,Kyle Manzardo,Kyle,Manzardo,Cleveland,Major League Baseball,Left,L,60,65,manzaky01
20939,Kyle Schwarber,Kyle,Schwarber,Philadelphia,Major League Baseball,Left,L,80,80,schwaky01
20741,Kyle Stowers,Kyle,Stowers,Miami,Major League Baseball,Left,L,60,60,stoweky01
20855,Kyle Teel,Kyle,Teel,Chicago,Major League Baseball,Left,L,50,50,teelky01
20542,Kyle Tucker,Kyle,Tucker,Chicago,Major League Baseball,Left,L,65,65,tuckeky01
20716,Kyren Paris,Kyren,Paris,Los Angeles,Major League Baseball,Right,R,55,55,parisky01
20736,LaMonte Wade Jr.,LaMonte,Wade Jr.,San Francisco,Major League Baseball,Left,L,35,35,wadela01
19487,Lane Thomas,Lane,Thomas,Cleveland,Major League Baseball,Right,R,50,55,thomala02
20896,Lars Nootbaar,Lars,Nootbaar,St. Louis,Major League Baseball,Left,L,45,45,nootbla01
19587,Lawrence Butler,Lawrence,Butler,Athletics,Major League Baseball,Left,L,55,55,butlela01
19521,Lenyn Sosa,Lenyn,Sosa,Chicago,Major League Baseball,Right,R,55,55,sosale01
21019,Leo Jimenez,Leo,Jimenez,Toronto,Major League Baseball,Right,R,45,45,jimenle01
20374,Leo Rivas,Leo,Rivas,Seattle,Major League Baseball,Switch,S,35,40,rivasle01
19470,Leody Taveras,Leody,Taveras,Texas,Major League Baseball,Switch,S,40,40,taverle01
19719,Liam Hicks,Liam,Hicks,Miami,Major League Baseball,Left,L,40,40,hicksli01
19935,Liover Peguero,Liover,Peguero,Pittsburgh,Major League Baseball,Right,R,55,55,pegueli01
20481,Logan Davidson,Logan,Davidson,Athletics,Major League Baseball,Switch,S,45,45,davidlo01
19581,Logan O'Hoppe,Logan,O'Hoppe,Los Angeles,Major League Baseball,Right,R,55,55,ohopplo01
18594,Logan Porter,Logan,Porter,San Francisco,Major League Baseball,Right,R,40,40,portelo01
19915,Lourdes Gurriel Jr.,Lourdes,Gurriel Jr.,Arizona,Major League Baseball,Right,R,55,55,gurrilo01
20411,Luis Arraez,Luis,Arraez,San Diego,Major League Baseball,Left,L,30,35,arraelu01
20052,Luis Campusano,Luis,Campusano,San Diego,Major League Baseball,Right,R,45,50,campulu01
19745,Luis Garcia Jr.,Luis,Garcia Jr.,Washington,Major League Baseball,Left,L,50,50,garcilu04
19891,Luis Guillorme,Luis,Guillorme,Houston,Major League Baseball,Left,L,20,20,guilllu01
20873,Luis Matos,Luis,Matos,San Francisco,Major League Baseball,Right,R,60,60,matoslu02
19566,Luis Rengifo,Luis,Rengifo,Los Angeles,Major League Baseball,Switch,S,40,50,rengilu01
19619,Luis Robert Jr.,Luis,Robert Jr.,Chicago,Major League Baseball,Right,R,55,65,roberlu01
19654,Luis Torrens,Luis,Torrens,New York,Major League Baseball,Right,R,35,40,torrelu01
20735,Luis Urias,Luis,Urias,Athletics,Major League Baseball,Right,R,45,55,uriaslu01
20299,Luis Vazquez,Luis,Vazquez,Baltimore,Major League Baseball,Right,R,40,45,vazqulu01
20029,Luisangel Acuna,Luisangel,Acuna,New York,Major League Baseball,Right,R,30,35,acunajo01
19665,Luke Keaschall,Luke,Keaschall,Minnesota,Major League Baseball,Right,R,40,40,keasclu01
20961,Luke Maile,Luke,Maile,Kansas City,Major League Baseball,Right,R,40,40,mailelu01
19841,Luke Raley,Luke,Raley,Seattle,Major League Baseball,Left,L,55,55,raleylu01
18610,Luke Williams,Luke,Williams,Atlanta,Major League Baseball,Right,R,20,25,willilu01
20087,Luken Baker,Luken,Baker,St. Louis,Major League Baseball,Right,R,40,45,bakerlu01
20420,Maikel Garcia,Maikel,Garcia,Kansas City,Major League Baseball,Right,R,40,40,garcima01
20573,Manny Machado,Manny,Machado,San Diego,Major League Baseball,Right,R,55,55,machama01
18625,Manuel Margot,Manuel,Margot,Detroit,Major League Baseball,Right,R,30,30,margoma01
19890,Marcell Ozuna,Marcell,Ozuna,Atlanta,Major League Baseball,Right,R,65,65,ozunama01
20308,Marcelo Mayer,Marcelo,Mayer,Boston,Major League Baseball,Left,L,50,50,mayerma01
20510,Marcus Semien,Marcus,Semien,Texas,Major League Baseball,Right,R,50,50,semiema01
19300,Mark Canha,Mark,Canha,Kansas City,Major League Baseball,Right,R,35,35,canhama01
19670,Mark Vientos,Mark,Vientos,New York,Major League Baseball,Right,R,60,65,vientma01
19044,Martin Maldonado,Martin,Maldonado,San Diego,Major League Baseball,Right,R,45,45,maldoma01
19471,Masataka Yoshida,Masataka,Yoshida,Boston,Major League Baseball,Left,L,40,40,yoshima02
20734,Mason McCoy,Mason,McCoy,San Diego,Major League Baseball,Right,R,35,40,mccoyma01
19721,Masyn Winn,Masyn,Winn,St. Louis,Major League Baseball,Right,R,40,40,winnma01
19723,Matt Chapman,Matt,Chapman,San Francisco,Major League Baseball,Right,R,60,60,chapmma01
20591,Matt Gorski,Matt,Gorski,Pittsburgh,Major League Baseball,Right,R,55,55,gorskma01
19191,Matt McLain,Matt,McLain,Cincinnati,Major League Baseball,Right,R,45,50,mclaima01
18459,Matt Mervis,Matt,Mervis,Miami,Major League Baseball,Left,L,65,65,mervima01
19293,Matt Olson,Matt,Olson,Atlanta,Major League Baseball,Left,L,60,60,olsonma02
20245,Matt Shaw,Matt,Shaw,Chicago,Major League Baseball,Right,R,50,50,shawma01
19742,Matt Thaiss,Matt,Thaiss,Chicago,Major League Baseball,Left,L,30,45,thaisma01
19659,Matt Vierling,Matt,Vierling,Detroit,Major League Baseball,Right,R,45,45,vierlma01
19507,Matt Wallner,Matt,Wallner,Minnesota,Major League Baseball,Left,L,70,70,wallnma01
20452,Matthew Lugo,Matthew,Lugo,Los Angeles,Major League Baseball,Right,R,60,60,lugoma01
19366,Mauricio Dubon,Mauricio,Dubon,Houston,Major League Baseball,Right,R,35,35,dubonma01
20264,Maverick Handley,Maverick,Handley,Baltimore,Major League Baseball,Right,R,40,40,handlma01
19094,Max Kepler,Max,Kepler,Philadelphia,Major League Baseball,Left,L,50,50,keplema01
20501,Max Muncy,Max,Muncy,Los Angeles,Major League Baseball,Left,L,70,70,muncyma01
20064,Max Muncy,Max,Muncy,Athletics,Major League Baseball,Right,R,55,55,muncyma02
20764,Max Schuemann,Max,Schuemann,Athletics,Major League Baseball,Right,R,35,35,schuema01
21017,Maximo Acosta,Maximo,Acosta,Miami,Major League Baseball,Right,R,55,55,acostma02
19489,Michael Busch,Michael,Busch,Chicago,Major League Baseball,Left,L,70,70,buschmi02
21010,Michael Conforto,Michael,Conforto,Los Angeles,Major League Baseball,Left,L,50,50,confomi01
19380,Michael Harris II,Michael,Harris II,Atlanta,Major League Baseball,Left,L,50,50,harrimi04
20884,Michael Helman,Michael,Helman,Texas,Major League Baseball,Right,R,60,60,helmami01
20931,Michael Massey,Michael,Massey,Kansas City,Major League Baseball,Left,L,40,50,massemi02
20788,Michael Siani,Michael,Siani,St. Louis,Major League Baseball,Left,L,25,25,sianimi01
18476,Michael Stefanic,Michael,Stefanic,Toronto,Major League Baseball,Right,R,30,30,stefami01
20233,Michael Toglia,Michael,Toglia,Colorado,Major League Baseball,Switch,S,60,60,toglimi01
19155,Michael A. Taylor,Michael A.,Taylor,Chicago,Major League Baseball,Right,R,45,45,taylomi02
20784,Mickey Gasper,Mickey,Gasper,Minnesota,Major League Baseball,Switch,S,40,40,gaspemi01
19980,Mickey Moniak,Mickey,Moniak,Colorado,Major League Baseball,Left,L,60,60,moniami01
20444,Miguel Amaya,Miguel,Amaya,Chicago,Major League Baseball,Right,R,45,50,amayami01
20601,Miguel Andújar,Miguel,Andújar,Athletics,Major League Baseball,Right,R,45,45,andujmi01
19616,Miguel Rojas,Miguel,Rojas,Los Angeles,Major League Baseball,Right,R,40,40,rojasmi02
19558,Miguel Vargas,Miguel,Vargas,Chicago,Major League Baseball,Right,R,50,50,vargami01
20727,Mike Tauchman,Mike,Tauchman,Chicago,Major League Baseball,Left,L,45,45,tauchmi01
19623,Mike Trout,Mike,Trout,Los Angeles,Major League Baseball,Right,R,65,65,troutmi01
20648,Mike Yastrzemski,Mike,Yastrzemski,San Francisco,Major League Baseball,Left,L,55,55,yastrmi01
20990,Miles Mastrobuoni,Miles,Mastrobuoni,Seattle,Major League Baseball,Left,L,25,25,mastrmi01
21032,Mitch Garver,Mitch,Garver,Seattle,Major League Baseball,Right,R,55,55,garvemi01
20664,MJ Melendez,MJ,Melendez,Kansas City,Major League Baseball,Left,L,50,55,melenmj01
20042,Moises Ballesteros,Moises,Ballesteros,Chicago,Major League Baseball,Left,L,50,50,ballemo01
19476,Mookie Betts,Mookie,Betts,Los Angeles,Major League Baseball,Right,R,50,50,bettsmo01
19706,Myles Straw,Myles,Straw,Toronto,Major League Baseball,Right,R,35,35,strawmy01
20248,Nacho Alvarez Jr.,Nacho,Alvarez Jr.,Atlanta,Major League Baseball,Right,R,30,30,alvarna01
20195,Nasim Nunez,Nasim,Nunez,Washington,Major League Baseball,Switch,S,50,50,nunezna01
20769,Nate Eaton,Nate,Eaton,Boston,Major League Baseball,Right,R,40,40,eatonna01
19249,Nathan Church,Nathan,Church,St. Louis,Major League Baseball,Left,L,40,45,churcna01
20441,Nathan Lukes,Nathan,Lukes,Toronto,Major League Baseball,Left,L,45,45,lukesna01
20752,Nathaniel Lowe,Nathaniel,Lowe,Washington,Major League Baseball,Left,L,50,55,lowena01
19036,Nick Ahmed,Nick,Ahmed,Texas,Major League Baseball,Right,R,30,30,ahmedni01
19412,Nick Allen,Nick,Allen,Atlanta,Major League Baseball,Right,R,20,25,allenni02
20287,Nick Castellanos,Nick,Castellanos,Philadelphia,Major League Baseball,Right,R,50,50,casteni01
19801,Nick Fortes,Nick,Fortes,Miami,Major League Baseball,Right,R,40,45,forteni01
19781,Nick Gonzales,Nick,Gonzales,Pittsburgh,Major League Baseball,Right,R,35,35,gonzani01
19611,Nick Kurtz,Nick,Kurtz,Athletics,Major League Baseball,Left,L,80,80,kurtzni01
19422,Nick Loftin,Nick,Loftin,Kansas City,Major League Baseball,Right,R,40,40,loftini01
18520,Nick Martini,Nick,Martini,Colorado,Major League Baseball,Left,L,40,40,martini02
18536,Nick Maton,Nick,Maton,Chicago,Major League Baseball,Left,L,50,50,matonni01
20545,Nick Sogard,Nick,Sogard,Boston,Major League Baseball,Switch,S,20,30,sogarni01
18570,Nick Solak,Nick,Solak,Pittsburgh,Major League Baseball,Right,R,40,40,solakni01
20003,Nick Yorke,Nick,Yorke,Pittsburgh,Major League Baseball,Right,R,40,45,yorkeni01
18573,Nicky Lopez,Nicky,Lopez,Los Angeles,Major League Baseball,Left,L,20,20,lopezni01
19522,Nico Hoerner,Nico,Hoerner,Chicago,Major League Baseball,Right,R,30,35,hoernni01
20449,Niko Kavadas,Niko,Kavadas,Los Angeles,Major League Baseball,Left,L,45,50,kavadni01
20482,Noelvi Marte,Noelvi,Marte,Cincinnati,Major League Baseball,Right,R,50,50,marteno01
20808,Nolan Arenado,Nolan,Arenado,St. Louis,Major League Baseball,Right,R,45,45,arenano01
19599,Nolan Gorman,Nolan,Gorman,St. Louis,Major League Baseball,Left,L,60,65,gormano01
20618,Nolan Jones,Nolan,Jones,Cleveland,Major League Baseball,Left,L,35,50,jonesno01
19601,Nolan Schanuel,Nolan,Schanuel,Los Angeles,Major League Baseball,Left,L,40,40,schanno01
20157,Oliver Dunn,Oliver,Dunn,Milwaukee,Major League Baseball,Left,L,35,35,dunnol01
18585,Omar Narvaez,Omar,Narvaez,Chicago,Major League Baseball,Left,L,40,40,narvaom01
19761,Oneil Cruz,Oneil,Cruz,Pittsburgh,Major League Baseball,Left,L,55,55,cruzon01
18593,Orlando Arcia,Orlando,Arcia,Atlanta,Major League Baseball,Right,R,40,40,arciaor01
19289,Oscar Gonzalez,Oscar,Gonzalez,San Diego,Major League Baseball,Right,R,35,40,gonzaos01
21050,Oswald Peraza,Oswald,Peraza,New York,Major League Baseball,Right,R,40,40,perazos02
20739,Oswaldo Cabrera,Oswaldo,Cabrera,New York,Major League Baseball,Switch,S,40,40,cabreos01
19925,Otto Kemp,Otto,Kemp,Philadelphia,Major League Baseball,Right,R,55,55,kempot01
19734,Otto Lopez,Otto,Lopez,Miami,Major League Baseball,Right,R,40,40,lopezot01
20085,Owen Caissie,Owen,Caissie,Chicago,Major League Baseball,Left,L,50,50,caissow01
18609,Owen Miller,Owen,Miller,Colorado,Major League Baseball,Right,R,40,40,milleow01
19346,Ozzie Albies,Ozzie,Albies,Atlanta,Major League Baseball,Switch,S,45,60,albieoz01
18617,Pablo Reyes,Pablo,Reyes,New York,Major League Baseball,Right,R,35,35,reyespa01
19583,Parker Meadows,Parker,Meadows,Detroit,Major League Baseball,Left,L,45,45,meadopa01
19713,Patrick Bailey,Patrick,Bailey,San Francisco,Major League Baseball,Switch,S,40,40,bailepa01
19753,Paul DeJong,Paul,DeJong,Washington,Major League Baseball,Right,R,55,55,dejonpa01
19485,Paul Goldschmidt,Paul,Goldschmidt,New York,Major League Baseball,Right,R,45,45,goldspa01
20290,Pavin Smith,Pavin,Smith,Arizona,Major League Baseball,Left,L,55,55,smithpa04
20116,Pedro Pages,Pedro,Pages,St. Louis,Major League Baseball,Right,R,50,50,pagespe02
20513,Pete Alonso,Pete,Alonso,New York,Major League Baseball,Right,R,65,65,alonspe01
20935,Pete Crow-Armstrong,Pete,Crow-Armstrong,Chicago,Major League Baseball,Left,L,60,60,crowape01
20624,Petey Halpin,Petey,Halpin,Cleveland,Major League Baseball,Left,L,40,40,halpipe01
20785,Rafael Devers,Rafael,Devers,Boston,Major League Baseball,Left,L,65,65,deverra01
20666,Rafael Flores Jr.,Rafael,Flores Jr.,Pittsburgh,Major League Baseball,Right,R,35,40,florera03
19598,Rafael Marchan,Rafael,Marchan,Philadelphia,Major League Baseball,Switch,S,45,50,marchra01
19640,Ramon Laureano,Ramon,Laureano,Baltimore,Major League Baseball,Right,R,60,60,laurera01
20310,Ramon Urias,Ramon,Urias,Baltimore,Major League Baseball,Right,R,50,50,uriasra01
20778,Randal Grichuk,Randal,Grichuk,Arizona,Major League Baseball,Right,R,55,55,grichra01
19777,Randy Arozarena,Randy,Arozarena,Seattle,Major League Baseball,Right,R,55,55,arozara01
20840,Rece Hinds,Rece,Hinds,Cincinnati,Major League Baseball,Right,R,65,65,hindsre01
20780,Reese McGuire,Reese,McGuire,Chicago,Major League Baseball,Left,L,65,65,mcguire01
20738,Rhylan Thomas,Rhylan,Thomas,Seattle,Major League Baseball,Left,L,40,40,thomarh01
21026,Rhys Hoskins,Rhys,Hoskins,Milwaukee,Major League Baseball,Right,R,60,60,hoskirh01
20858,Richie Palacios,Richie,Palacios,Tampa Bay,Major League Baseball,Left,L,40,40,palacri01
18662,Riley Adams,Riley,Adams,Washington,Major League Baseball,Right,R,45,45,adamsri03
19548,Riley Greene,Riley,Greene,Detroit,Major League Baseball,Left,L,65,65,greenri03
18477,Rob Brantly,Rob,Brantly,Miami,Major League Baseball,Left,L,40,40,brantro01
19880,Rob Refsnyder,Rob,Refsnyder,Boston,Major League Baseball,Right,R,60,60,refsnro01
20823,Robert Hassell III,Robert,Hassell III,Washington,Major League Baseball,Left,L,35,40,hassero02
20254,Roman Anthony,Roman,Anthony,Boston,Major League Baseball,Left,L,50,50,anthoro01
20468,Romy Gonzalez,Romy,Gonzalez,Boston,Major League Baseball,Right,R,45,45,gonzaro01
20429,Ronald Acuna Jr.,Ronald,Acuna Jr.,Atlanta,Major League Baseball,Right,R,65,70,acunaro01
20572,Ronny Mauricio,Ronny,Mauricio,New York,Major League Baseball,Switch,S,50,50,mauriro01
20027,Ronny Simon,Ronny,Simon,Miami,Major League Baseball,Switch,S,30,40,simonro01
20783,Rowdy Tellez,Rowdy,Tellez,Seattle,Major League Baseball,Left,L,60,65,tellero01
20493,Royce Lewis,Royce,Lewis,Minnesota,Major League Baseball,Right,R,55,60,lewisro02
19638,Ryan Bliss,Ryan,Bliss,Seattle,Major League Baseball,Right,R,45,45,blissry01
20190,Ryan Fitzgerald,Ryan,Fitzgerald,Minnesota,Major League Baseball,Left,L,65,65,fitzgry01
19661,Ryan Jeffers,Ryan,Jeffers,Minnesota,Major League Baseball,Right,R,50,55,jeffery01
20898,Ryan Kreidler,Ryan,Kreidler,Detroit,Major League Baseball,Right,R,35,40,kreidry01
20502,Ryan McMahon,Ryan,McMahon,Colorado,Major League Baseball,Left,L,55,55,mcmahry01
20212,Ryan Mountcastle,Ryan,Mountcastle,Baltimore,Major League Baseball,Right,R,40,60,mountry01
20291,Ryan Noda,Ryan,Noda,Chicago,Major League Baseball,Left,L,40,50,nodary01
19876,Ryan O'Hearn,Ryan,O'Hearn,Baltimore,Major League Baseball,Left,L,50,50,ohearry01
19478,Ryan Ritter,Ryan,Ritter,Colorado,Major League Baseball,Right,R,25,35,rittery01
19942,Ryan Vilade,Ryan,Vilade,St. Louis,Major League Baseball,Right,R,40,45,viladry01
19538,Sal Frelick,Sal,Frelick,Milwaukee,Major League Baseball,Left,L,35,35,frelisa01
18664,Sal Stewart,Sal,Stewart,Cincinnati,Major League Baseball,Right,R,70,70,stewasa02
20443,Salvador Perez,Salvador,Perez,Kansas City,Major League Baseball,Right,R,60,60,perezsa02
19692,Sam Haggerty,Sam,Haggerty,Texas,Major League Baseball,Switch,S,30,30,haggesa01
20633,Sam Hilliard,Sam,Hilliard,Colorado,Major League Baseball,Left,L,65,65,hillisa01
19804,Sam Huff,Sam,Huff,San Francisco,Major League Baseball,Right,R,50,60,huffsa01
19943,Samad Taylor,Samad,Taylor,Seattle,Major League Baseball,Right,R,40,40,taylosa04
19400,Samuel Basallo,Samuel,Basallo,Baltimore,Major League Baseball,Left,L,55,55,basalsa01
18665,Sandy León,Sandy,León,Atlanta,Major League Baseball,Switch,S,50,50,leonsa01
20647,Santiago Espinal,Santiago,Espinal,Cincinnati,Major League Baseball,Right,R,30,30,espinsa01
21003,Scott Kingery,Scott,Kingery,Los Angeles,Major League Baseball,Right,R,40,40,kingesc01
18676,Sean Bouchard,Sean,Bouchard,Colorado,Major League Baseball,Right,R,35,50,bouchse01
21007,Sean Murphy,Sean,Murphy,Atlanta,Major League Baseball,Right,R,65,65,murphse01
18681,Sebastian Rivero,Sebastian,Rivero,Los Angeles,Major League Baseball,Right,R,40,40,riverse01
21023,Seiya Suzuki,Seiya,Suzuki,Chicago,Major League Baseball,Right,R,65,65,suzukse01
20826,Sergio Alcantara,Sergio,Alcantara,San Francisco,Major League Baseball,Switch,S,40,45,alcanse01
20548,Seth Brown,Seth,Brown,Athletics,Major League Baseball,Left,L,50,50,brownse01
20746,Shay Whitcomb,Shay,Whitcomb,Houston,Major League Baseball,Right,R,40,40,whitcsh01
19179,Shea Langeliers,Shea,Langeliers,Athletics,Major League Baseball,Right,R,70,70,langesh01
20312,Shohei Ohtani,Shohei,Ohtani,Los Angeles,Major League Baseball,Left,L,80,80,ohtansh01
19799,Spencer Horwitz,Spencer,Horwitz,Pittsburgh,Major League Baseball,Left,L,50,50,horwisp01
18474,Spencer Steer,Spencer,Steer,Cincinnati,Major League Baseball,Right,R,55,55,steersp01
19630,Spencer Torkelson,Spencer,Torkelson,Detroit,Major League Baseball,Right,R,60,65,torkesp01
20297,Starling Marte,Starling,Marte,New York,Major League Baseball,Right,R,40,40,martest01
20328,Steven Kwan,Steven,Kwan,Cleveland,Major League Baseball,Left,L,40,40,kwanst01
20888,Steward Berroa,Steward,Berroa,Milwaukee,Major League Baseball,Switch,S,35,35,berrost01
18482,Stuart Fairchild,Stuart,Fairchild,Atlanta,Major League Baseball,Right,R,45,50,faircst01
18978,Taylor Trammell,Taylor,Trammell,Houston,Major League Baseball,Left,L,40,55,trammta01
20654,Taylor Walls,Taylor,Walls,Tampa Bay,Major League Baseball,Switch,S,30,40,wallsta01
19477,Taylor Ward,Taylor,Ward,Los Angeles,Major League Baseball,Right,R,65,65,wardta01
20488,Teoscar Hernández,Teoscar,Hernández,Los Angeles,Major League Baseball,Right,R,60,60,hernate01
19843,Terrin Vavra,Terrin,Vavra,Baltimore,Major League Baseball,Left,L,40,40,vavrate01
20813,Thairo Estrada,Thairo,Estrada,Colorado,Major League Baseball,Right,R,40,45,estrath01
20127,Thomas Saggese,Thomas,Saggese,St. Louis,Major League Baseball,Right,R,30,30,saggeth01
18490,Tim Anderson,Tim,Anderson,Los Angeles,Major League Baseball,Right,R,25,25,anderti01
20148,Tim Elko,Tim,Elko,Chicago,Major League Baseball,Right,R,60,60,elkoti01
20986,Tim Tawa,Tim,Tawa,Arizona,Major League Baseball,Right,R,50,50,tawati01
19970,Tirso Ornelas,Tirso,Ornelas,San Diego,Major League Baseball,Left,L,35,40,ornelti01
19188,TJ Friedl,TJ,Friedl,Cincinnati,Major League Baseball,Left,L,45,50,friedtj01
20451,Tommy Edman,Tommy,Edman,Los Angeles,Major League Baseball,Switch,S,55,55,edmanto01
18498,Tommy Pham,Tommy,Pham,Pittsburgh,Major League Baseball,Right,R,40,40,phamth01
19106,Tomás Nido,Tomás,Nido,Detroit,Major League Baseball,Right,R,40,40,nidoto01
19511,Travis d'Arnaud,Travis,d'Arnaud,Los Angeles,Major League Baseball,Right,R,55,55,darnatr01
19074,Travis Jankowski,Travis,Jankowski,Chicago,Major League Baseball,Left,L,20,20,jankotr01
20403,Trea Turner,Trea,Turner,Philadelphia,Major League Baseball,Right,R,45,45,turnetr01
20340,Trent Grisham,Trent,Grisham,New York,Major League Baseball,Left,L,70,70,grishtr01
20661,Trenton Brooks,Trenton,Brooks,San Diego,Major League Baseball,Left,L,40,40,brooktr01
20366,Trevor Larnach,Trevor,Larnach,Minnesota,Major League Baseball,Left,L,50,55,larnatr01
20472,Trevor Story,Trevor,Story,Boston,Major League Baseball,Right,R,55,55,storytr01
20032,Trey Lipscomb,Trey,Lipscomb,Washington,Major League Baseball,Right,R,35,35,lipsctr01
20885,Trey Sweeney,Trey,Sweeney,Detroit,Major League Baseball,Left,L,40,40,sweentr01
20439,Tristan Gray,Tristan,Gray,Tampa Bay,Major League Baseball,Left,L,50,50,graytr01
20162,Tristan Peters,Tristan,Peters,Tampa Bay,Major League Baseball,Left,L,40,40,petertr01
19974,Tristin English,Tristin,English,Arizona,Major League Baseball,Right,R,35,40,englitr01
19334,Triston Casas,Triston,Casas,Boston,Major League Baseball,Left,L,60,65,casastr01
20326,Troy Johnston,Troy,Johnston,Miami,Major League Baseball,Left,L,50,50,johnstr02
20555,Tsung-Che Cheng,Tsung-Che,Cheng,Pittsburgh,Major League Baseball,Left,L,40,40,chengts01
19026,Tucker Barnhart,Tucker,Barnhart,Texas,Major League Baseball,Switch,S,35,35,barnhtu01
20762,Ty France,Ty,France,Minnesota,Major League Baseball,Right,R,40,40,francty01
20798,Tyler Black,Tyler,Black,Milwaukee,Major League Baseball,Left,L,40,40,blackty01
20718,Tyler Callihan,Tyler,Callihan,Cincinnati,Major League Baseball,Left,L,40,40,callity01
20748,Tyler Fitzgerald,Tyler,Fitzgerald,San Francisco,Major League Baseball,Right,R,45,55,fitzgty01
20913,Tyler Freeman,Tyler,Freeman,Colorado,Major League Baseball,Right,R,30,35,freemty01
19936,Tyler Heineman,Tyler,Heineman,Toronto,Major League Baseball,Switch,S,40,40,heinety01
20073,Tyler Locklear,Tyler,Locklear,Arizona,Major League Baseball,Right,R,50,50,locklty01
20818,Tyler O'Neill,Tyler,O'Neill,Baltimore,Major League Baseball,Right,R,70,75,oneilty01
20642,Tyler Soderstrom,Tyler,Soderstrom,Athletics,Major League Baseball,Left,L,60,60,soderty01
19182,Tyler Stephenson,Tyler,Stephenson,Cincinnati,Major League Baseball,Right,R,55,55,stephty01
19501,Tyler Tolbert,Tyler,Tolbert,Kansas City,Major League Baseball,Right,R,40,45,tolbety01
18530,Tyler Wade,Tyler,Wade,San Diego,Major League Baseball,Left,L,20,20,wadety01
19644,Tyrone Taylor,Tyrone,Taylor,New York,Major League Baseball,Right,R,30,30,tayloty01
20544,Victor Caratini,Victor,Caratini,Houston,Major League Baseball,Switch,S,50,50,caratvi01
20691,Victor Mesa Jr.,Victor,Mesa Jr.,Miami,Major League Baseball,Left,L,45,45,mesavi01
19893,Victor Robles,Victor,Robles,Seattle,Major League Baseball,Right,R,35,40,roblevi01
20121,Victor Scott II,Victor,Scott II,St. Louis,Major League Baseball,Left,L,35,35,scottvi01
20889,Vidal Bruján,Vidal,Bruján,Chicago,Major League Baseball,Switch,S,25,30,brujavi01
18550,Vimael Machin,Vimael,Machin,Baltimore,Major League Baseball,Left,L,50,50,machivi01
19450,Vinnie Pasquantino,Vinnie,Pasquantino,Kansas City,Major League Baseball,Left,L,60,60,pasquvi01
19830,Vinny Capra,Vinny,Capra,Milwaukee,Major League Baseball,Right,R,30,35,capravi01
19928,Vladimir Guerrero Jr.,Vladimir,Guerrero Jr.,Toronto,Major League Baseball,Right,R,55,70,guerrvl02
20751,Warming Bernabel,Warming,Bernabel,Colorado,Major League Baseball,Right,R,45,45,bernawa01
21064,Wenceel Perez,Wenceel,Perez,Detroit,Major League Baseball,Switch,S,50,50,perezwe01
20334,Weston Wilson,Weston,Wilson,Philadelphia,Major League Baseball,Right,R,55,55,wilsowe01
20225,Will Banfield,Will,Banfield,Cincinnati,Major League Baseball,Right,R,40,40,banfiwi01
20204,Will Benson,Will,Benson,Cincinnati,Major League Baseball,Left,L,60,60,bensowi01
20781,Will Brennan,Will,Brennan,Cleveland,Major League Baseball,Left,L,40,40,brennwi02
20316,Will Robertson,Will,Robertson,Toronto,Major League Baseball,Left,L,30,40,roberwi02
20427,Will Smith,Will,Smith,Los Angeles,Major League Baseball,Right,R,55,60,smithwi05
20966,Will Wagner,Will,Wagner,Toronto,Major League Baseball,Left,L,25,30,wagnewi01
20398,Will Wilson,Will,Wilson,Cleveland,Major League Baseball,Right,R,30,40,wilsowi03
19552,Willi Castro,Willi,Castro,Minnesota,Major League Baseball,Switch,S,40,45,castrwi01
20456,William Contreras,William,Contreras,Milwaukee,Major League Baseball,Right,R,50,55,contrwi02
20478,Willie MacIver,Willie,MacIver,Athletics,Major League Baseball,Right,R,45,45,macivwi01
20604,Willson Contreras,Willson,Contreras,St. Louis,Major League Baseball,Right,R,60,60,contrwi01
20612,Willy Adames,Willy,Adames,San Francisco,Major League Baseball,Right,R,65,65,adamewi01
18558,Wilmer Flores,Wilmer,Flores,San Francisco,Major League Baseball,Right,R,55,55,florewi01
20956,Wilyer Abreu,Wilyer,Abreu,Boston,Major League Baseball,Left,L,65,65,abreuwi02
19726,Wyatt Langford,Wyatt,Langford,Texas,Major League Baseball,Right,R,55,55,langfwy01
19600,Xander Bogaerts,Xander,Bogaerts,San Diego,Major League Baseball,Right,R,40,40,bogaexa01
19694,Xavier Edwards,Xavier,Edwards,Miami,Major League Baseball,Switch,S,25,25,edwarxa01
19440,Yainer Diaz,Yainer,Diaz,Houston,Major League Baseball,Right,R,50,50,diazya02
21004,Yandy Díaz,Yandy,Díaz,Tampa Bay,Major League Baseball,Right,R,50,50,diazya01
20552,Yanquiel Fernandez,Yanquiel,Fernandez,Colorado,Major League Baseball,Left,L,45,45,fernaya01
19762,Yoan Moncada,Yoan,Moncada,Los Angeles,Major League Baseball,Switch,S,55,55,moncayo01
19653,Yohel Pozo,Yohel,Pozo,St. Louis,Major League Baseball,Right,R,50,50,pozoyo01
19418,Yordan Alvarez,Yordan,Alvarez,Houston,Major League Baseball,Left,L,65,80,alvaryo01
18596,Yuli Gurriel,Yuli,Gurriel,San Diego,Major League Baseball,Right,R,30,30,gourryu01
20911,Zac Veen,Zac,Veen,Colorado,Major League Baseball,Left,L,45,45,veenza01
20872,Zach Cole,Zach,Cole,Houston,Major League Baseball,Left,L,65,65,coleza01
20963,Zach Dezenzo,Zach,Dezenzo,Houston,Major League Baseball,Right,R,40,45,dezenza01
20378,Zach McKinstry,Zach,McKinstry,Detroit,Major League Baseball,Left,L,40,40,mckinza01
19579,Zach Neto,Zach,Neto,Los Angeles,Major League Baseball,Right,R,60,60,netoza01
20836,Zack Gelof,Zack,Gelof,Athletics,Major League Baseball,Right,R,45,55,gelofza01
21103,Zack Short,Zack,Short,Houston,Major League Baseball,Right,R,45,45,shortza01
